size,2d_rnaEasy_0.1_AMG,2d_rnaEasy_0.01_AMG,2d_rnaEasy_0.05_AMG,2d_rnaEasy_NA_DMSO
0.5,0,0,0,0
1.5,0,0,0,0
2.5,0,0,0,0
3.5,0,0,17400,0
4.5,0,0,1528900,0
5.5,0,0,3346000,0
6.5,100,0,1237900,0
7.5,92200,0,282100,0
8.5,1874900,0,91800,0
9.5,4831600,0,61800,0
10.5,4186500,0,82500,0
11.5,2419700,0,168800,0
12.5,1520900,0,404100,0
13.5,1617000,100,939500,0
14.5,2975200,1400,1928200,400
15.5,6009700,8700,3390200,3300
16.5,10743900,36600,5144500,20900
17.5,16751700,113800,6905500,117500
18.5,23513100,280300,8448000,580100
19.5,30666200,582900,9691400,2201700
20.5,37990900,1081600,10678500,6037900
21.5,45298900,1871100,11512000,12270700
22.5,52382000,3112800,12301900,19581900
23.5,59028400,5069300,13139600,26061700
24.5,65055300,8123400,14091900,30463300
25.5,70331100,12742100,15203400,32563800
26.5,74787000,19345800,16495800,32790700
27.5,78424700,28104100,17961900,31757700
28.5,81315500,38753500,19558400,30007700
29.5,83588800,50551300,21205000,27937500
30.5,85411300,62409700,22795500,25807300
31.5,86961700,73155900,24216000,23774400
32.5,88408500,81809100,25364900,21924800
33.5,89893100,87776900,26167600,20298400
34.5,91520000,90922000,26584700,18907900
35.5,93353900,91507600,26612900,17750300
36.5,95420700,90065500,26281500,16815700
37.5,97712200,87238200,25645000,16091400
38.5,100191100,83642500,24774500,15564400
39.5,102796300,79776600,23748000,15222100
40.5,105447500,75979000,22642600,15051800
41.5,108049900,72429600,21528300,15040600
42.5,110497500,69179300,20464100,15174700
43.5,112678900,66192400,19497200,15438700
44.5,114483200,63391600,18662900,15816700
45.5,115808500,60695100,17986700,16293100
46.5,116570900,58043700,17486300,16853800
47.5,116713300,55415700,17173800,17489200
48.5,116211400,52829900,17058100,18196100
49.5,115077000,50340300,17145800,18980000
50.5,113356300,48024300,17442400,19856500
51.5,111123800,45969400,17952800,20851600
52.5,108474600,44259900,18680800,21999500
53.5,105514600,42966100,19628600,23339000
54.5,102351000,42137000,20795800,24906200
55.5,99084800,41795500,22178400,26727100
56.5,95805400,41936900,23767500,28807800
57.5,92587500,42529000,25548000,31126600
58.5,89490400,43513800,27498100,33629500
59.5,86558300,44810600,29588700,36229100
60.5,83822600,46320500,31783200,38810800
61.5,81303900,47932200,34039300,41243800
62.5,79014400,49530000,36309800,43395400
63.5,76960600,51001700,38545300,45147800
64.5,75144800,52247700,40697200,46411700
65.5,73567000,53188300,42720700,47136700
66.5,72225700,53769300,44577700,47314900
67.5,71118900,53965900,46239500,46979400
68.5,70244100,53782100,47688400,46197200
69.5,69598500,53248100,48917800,45059000
70.5,69178400,52415800,49932200,43668300
71.5,68979300,51352000,50745200,42130300
72.5,68994800,50132500,51376900,40543700
73.5,69216400,48835700,51851800,38993800
74.5,69632800,47537800,52195400,37549700
75.5,70229700,46309500,52432200,36262300
76.5,70989700,45213900,52583800,35165100
77.5,71892200,44305500,52667600,34276400
78.5,72914000,43630600,52697000,33601000
79.5,74029400,43227800,52681000,33133600
80.5,75211800,43129400,52625300,32861200
81.5,76433900,43361900,52533500,32765700
82.5,77669300,43947400,52407800,32825900
83.5,78893300,44903700,52250300,33019500
84.5,80084300,46244700,52064000,33324300
85.5,81224000,47979800,51853200,33719100
86.5,82298500,50113500,51624300,34184700
87.5,83298800,52644400,51385500,34704200
88.5,84220400,55564100,51146900,35263200
89.5,85063400,58856100,50919900,35850200
90.5,85832200,62494700,50717100,36456000
91.5,86534600,66444900,50551700,37074000
92.5,87181400,70661700,50436600,37699600
93.5,87785300,75091000,50384100,38330400
94.5,88360000,79670300,50405300,38965500
95.5,88919800,84330900,50510100,39605400
96.5,89478700,89000300,50706100,40251700
97.5,90049700,93604600,50999500,40906800
98.5,90644300,98072100,51393700,41573600
99.5,91272500,102336000,51890600,42255500
100.5,91942200,106337400,52489400,42956100
101.5,92659300,110027700,53187900,43679000
102.5,93427900,113369900,53981600,44427800
103.5,94249900,116339600,54864700,45205800
104.5,95125900,118924900,55830000,46016100
105.5,96054800,121125700,56869000,46861700
106.5,97034300,122952100,57972400,47745100
107.5,98061300,124422300,59130500,48668300
108.5,99131700,125560900,60333000,49633200
109.5,100241100,126395900,61569700,50641200
110.5,101384800,126957400,62830400,51693200
111.5,102558000,127275200,64105300,52790000
112.5,103755800,127377700,65385500,53931900
113.5,104973600,127290800,66662300,55118700
114.5,106206800,127037400,67928400,56350100
115.5,107451400,126637400,69177100,57625500
116.5,108703600,126107500,70403100,58943800
117.5,109960000,125462000,71602200,60304000
118.5,111217800,124713100,72771100,61704600
119.5,112474800,123871500,73908000,63144000
120.5,113729100,122946900,75011900,64620600
121.5,114979700,121948600,76083200,66132400
122.5,116226200,120885900,77123000,67677600
123.5,117469000,119768000,78133400,69254200
124.5,118709200,118604900,79117500,70860200
125.5,119948800,117406700,80078900,72493500
126.5,121190600,116184100,81021800,74152200
127.5,122438400,114947900,81951100,75834400
128.5,123696600,113709400,82871900,77538000
129.5,124970900,112479600,83789800,79261200
130.5,126267300,111269700,84710400,81002200
131.5,127593100,110090600,85639700,82759100
132.5,128956000,108952700,86583600,84530000
133.5,130364600,107866000,87548000,86313200
134.5,131828000,106839900,88538800,88106700
135.5,133355800,105883500,89561800,89908500
136.5,134958200,105004900,90622700,91716500
137.5,136645500,104211900,91726900,93528600
138.5,138428600,103511400,92879800,95342300
139.5,140318400,102910200,94086300,97155100
140.5,142326000,102414100,95351400,98964200
141.5,144462600,102028700,96679600,100766800
142.5,146739400,101759300,98075300,102559600
143.5,149167300,101610600,99542500,104339500
144.5,151757400,101587100,101085000,106103200
145.5,154520400,101693100,102706300,107847100
146.5,157467000,101932700,104409800,109567800
147.5,160607200,102309800,106198200,111261900
148.5,163951200,102828300,108074500,112926200
149.5,167508600,103491900,110040900,114557600
150.5,171288400,104304300,112099500,116153300
151.5,175299500,105269200,114252300,117710900
152.5,179550100,106390200,116500700,119228300
153.5,184047900,107671000,118846000,120704200
154.5,188800200,109115100,121289200,122137500
155.5,193813600,110726100,123831000,123527900
156.5,199093900,112507700,126471800,124875700
157.5,204646400,114463100,129211700,126181900
158.5,210475600,116596000,132050600,127448200
159.5,216585500,118909700,134988000,128676800
160.5,222978900,121407300,138023400,129870700
161.5,229658100,124091900,141155600,131033500
162.5,236624600,126966500,144383700,132169300
163.5,243878800,130033800,147706100,133282800
164.5,251420600,133296100,151121200,134379300
165.5,259248700,136755700,154627200,135464100
166.5,267361300,140414400,158222200,136543200
167.5,275755600,144273800,161903900,137622800
168.5,284427900,148335100,165669900,138709200
169.5,293373900,152599100,169518000,139809000
170.5,302588500,157066000,173445400,140928600
171.5,312065900,161735900,177449500,142074600
172.5,321799500,166608200,181527600,143253600
173.5,331782200,171681900,185676900,144471800
174.5,342006400,176955500,189894700,145735600
175.5,352464000,182427000,194178000,147051000
176.5,363146200,188093800,198524200,148423800
177.5,374044200,193952900,202930200,149859500
178.5,385148700,200000800,207393500,151363300
179.5,396450000,206233500,211911300,152940200
180.5,407938300,212646300,216480800,154594800
181.5,419603900,219234300,221099500,156331300
182.5,431436600,225991900,225764700,158153600
183.5,443426300,232913100,230474000,160065200
184.5,455563000,239991500,235224900,162069300
185.5,467836500,247220300,240015100,164168600
186.5,480236900,254592200,244842200,166365800
187.5,492754000,262099800,249704000,168662700
188.5,505378100,269735000,254598200,171061200
189.5,518099400,277489600,259522700,173562500
190.5,530908000,285355300,264475300,176167800
191.5,543794300,293323200,269453900,178877600
192.5,556748900,301384500,274456500,181692300
193.5,569762000,309530100,279481000,184611900
194.5,582824200,317750800,284525200,187636000
195.5,595925900,326037400,289587100,190764100
196.5,609057500,334380600,294664600,193995100
197.5,622209400,342771100,299755700,197327800
198.5,635371600,351199400,304858000,200760600
199.5,648534200,359656400,309969400,204291600
200.5,661686700,368132800,315087800,207918700
201.5,674818600,376619500,320210900,211639400
202.5,687918800,385107500,325336200,215451000
203.5,700975800,393588000,330461500,219350600
204.5,713977600,402052300,335584400,223334800
205.5,726911700,410491800,340702400,227400300
206.5,739764700,418898200,345812900,231543200
207.5,752522600,427263400,350913400,235759700
208.5,765170900,435579300,356001300,240045400
209.5,777693700,443838200,361074000,244396100
210.5,790074800,452032500,366128700,248807100
211.5,802296600,460154900,371162700,253273600
212.5,814340800,468198100,376173300,257790700
213.5,826188000,476155100,381157500,262353200
214.5,837817900,484019100,386112700,266955900
215.5,849208900,491783300,391036000,271593400
216.5,860338800,499441400,395924400,276260100
217.5,871184000,506986800,400775000,280950500
218.5,881720300,514413400,405585100,285658800
219.5,891922400,521715000,410351500,290379300
220.5,901764100,528885700,415071500,295106200
221.5,911218800,535919500,419741900,299833700
222.5,920259000,542810600,424359900,304556000
223.5,928856800,549553400,428922400,309267100
224.5,936983900,556142300,433426500,313961400
225.5,944611900,562571600,437869100,318633100
226.5,951712200,568836100,442247300,323276500
227.5,958256600,574930200,446557800,327886000
228.5,964217100,580848800,450797800,332456100
229.5,969566500,586586700,454964000,336981500
230.5,974278300,592138700,459053200,341456800
231.5,978327000,597499900,463062500,345877100
232.5,981688400,602665400,466988400,350237300
233.5,984340000,607630300,470827800,354532600
234.5,986260900,612390100,474577300,358758500
235.5,987432300,616940300,478233700,362910500
236.5,987837500,621276500,481793400,366984400
237.5,987462400,625394400,485253000,370976200
238.5,986295300,629290100,488608900,374882000
239.5,984327400,632959800,491857600,378698200
240.5,981552900,636399800,494995300,382421400
241.5,977968900,639606800,498018400,386048400
242.5,973576000,642577500,500923000,389576300
243.5,968377700,645309200,503705300,393002300
244.5,962381000,647799000,506361200,396323700
245.5,955596100,650044700,508886900,399538400
246.5,948036500,652044200,511278300,402644000
247.5,939719100,653795700,513531200,405638700
248.5,930663700,655297800,515641600,408520600
249.5,920893300,656549200,517605300,411288400
250.5,910433700,657549100,519418200,413940400
251.5,899313500,658297100,521075900,416475700
252.5,887563800,658793000,522574400,418893000
253.5,875218100,659037000,523909600,421191700
254.5,862311800,659029500,525077300,423370900
255.5,848882200,658771500,526073600,425430100
256.5,834968100,658264200,526894400,427368900
257.5,820609600,657509000,527536000,429187100
258.5,805847900,656507900,527994700,430884500
259.5,790724800,655263000,528266900,432461000
260.5,775282300,653776900,528349300,433916900
261.5,759562900,652052300,528238700,435252400
262.5,743608700,650092400,527932200,436467700
263.5,727461500,647900600,527427100,437563300
264.5,711162400,645480600,526721100,438539700
265.5,694751500,642836300,525812000,439397500
266.5,678268100,639972000,524698100,440137500
267.5,661749900,636892000,523378000,440760300
268.5,645233200,633601100,521850600,441266800
269.5,628752700,630104200,520115300,441658000
270.5,612341300,626406200,518171900,441934700
271.5,596030000,622512500,516020500,442097900
272.5,579847900,618428500,513661700,442148700
273.5,563822000,614159700,511096600,442088100
274.5,547977300,609711800,508326800,441917300
275.5,532336500,605090600,505354200,441637300
276.5,516920600,600302100,502181200,441249400
277.5,501748100,595352100,498810700,440754600
278.5,486835600,590246800,495246100,440154100
279.5,472197700,584992300,491491200,439449100
280.5,457847100,579594800,487550200,438640800
281.5,443794400,574060300,483427900,437730100
282.5,430048700,568395200,479129200,436718400
283.5,416617100,562605700,474659700,435606600
284.5,403505300,556697800,470025200,434395900
285.5,390717200,550677900,465232000,433087200
286.5,378255600,544552000,460286600,431681500
287.5,366121800,538326200,455195800,430179800
288.5,354315800,532006700,449966800,428583000
289.5,342836600,525599500,444606900,426891900
290.5,331682300,519110400,439123700,425107400
291.5,320849900,512545300,433524900,423230000
292.5,310335700,505910000,427818500,421260700
293.5,300135200,499210300,422012500,419199800
294.5,290243500,492451800,416114900,417048100
295.5,280654800,485639900,410134000,414806000
296.5,271363300,478780100,404078000,412474000
297.5,262362300,471877700,397955000,410052400
298.5,253645300,464938000,391773100,407541600
299.5,245205100,457966000,385540500,404941800
300.5,237034800,450966700,379265000,402253300
301.5,229126800,443945000,372954600,399476300
302.5,221474000,436905600,366617000,396610900
303.5,214068800,429853300,360259700,393657300
304.5,206903900,422792400,353889900,390615500
305.5,199971800,415727500,347515000,387485700
306.5,193265400,408662800,341141700,384268000
307.5,186777300,401602500,334776900,380962300
308.5,180500400,394550500,328426700,377569000
309.5,174427900,387510800,322097600,374088000
310.5,168552900,380487300,315795200,370519500
311.5,162868700,373483500,309525200,366863900
312.5,157368800,366503100,303293000,363121400
313.5,152047100,359549400,297103500,359292300
314.5,146897400,352625800,290961500,355377200
315.5,141913800,345735400,284871300,351376600
316.5,137090500,338881400,278837200,347291200
317.5,132422100,332066700,272863000,343121900
318.5,127903200,325294100,266952300,338869700
319.5,123528800,318566500,261108200,334535700
320.5,119293800,311886300,255333900,330121300
321.5,115193500,305256200,249632100,325628000
322.5,111223400,298678500,244005200,321057500
323.5,107379000,292155500,238455500,316411900
324.5,103656200,285689500,232984900,311693300
325.5,100050800,279282500,227595100,306904100
326.5,96559100,272936500,222287700,302046900
327.5,93177200,266653400,217064000,297124800
328.5,89901600,260435000,211925000,292140900
329.5,86728800,254283100,206871600,287098700
330.5,83655700,248199100,201904600,282001800
331.5,80678800,242184800,197024300,276854200
332.5,77795400,236241400,192231300,271660100
333.5,75002300,230370300,187525700,266424100
334.5,72296900,224572900,182907500,261150700
335.5,69676400,218850300,178376600,255845100
336.5,67138300,213203600,173933000,250512300
337.5,64680000,207633900,169576100,245157700
338.5,62299200,202142000,165305600,239787000
339.5,59993600,196729000,161121000,234405900
340.5,57760900,191395600,157021600,229020200
341.5,55599000,186142500,153006700,223636100
342.5,53505800,180970500,149075600,218259600
343.5,51479500,175880200,145227300,212897000
344.5,49517900,170872100,141460900,207554500
345.5,47619400,165946800,137775600,202238300
346.5,45782100,161104700,134170100,196954900
347.5,44004300,156346100,130643600,191710300
348.5,42284300,151671400,127194800,186510600
349.5,40620500,147080900,123822700,181362100
350.5,39011400,142574900,120526000,176270400
351.5,37455300,138153400,117303600,171241400
352.5,35951000,133816600,114154300,166280500
353.5,34496800,129564700,111076900,161393000
354.5,33091400,125397500,108070000,156584000
355.5,31733600,121315200,105132600,151858200
356.5,30421900,117317700,102263200,147219900
357.5,29155100,113404700,99460800,142673300
358.5,27932000,109576300,96723900,138222200
359.5,26751300,105832300,94051400,133869800
360.5,25611900,102172300,91442000,129619200
361.5,24512600,98596100,88894500,125472900
362.5,23452300,95103400,86407600,121433200
363.5,22430000,91693900,83980200,117501800
364.5,21444500,88367100,81610900,113680200
365.5,20494800,85122500,79298700,109969200
366.5,19579900,81959900,77042300,106369600
367.5,18698800,78878500,74840600,102881400
368.5,17850600,75877800,72692400,99504500
369.5,17034200,72957300,70596600,96238500
370.5,16248800,70116300,68552000,93082300
371.5,15493500,67354100,66557600,90034700
372.5,14767300,64670000,64612200,87094400
373.5,14069400,62063200,62714900,84259400
374.5,13399000,59533000,60864500,81527700
375.5,12755200,57078400,59060100,78897100
376.5,12137100,54698700,57300600,76365000
377.5,11544100,52392800,55585100,73928800
378.5,10975300,50159900,53912500,71585600
379.5,10430000,47999000,52282100,69332400
380.5,9907400,45908900,50692700,67166300
381.5,9406800,43888800,49143600,65084100
382.5,8927400,41937300,47633800,63082600
383.5,8468600,40053500,46162500,61158600
384.5,8029700,38236100,44728900,59308800
385.5,7610000,36484000,43332100,57530100
386.5,7208900,34795900,41971400,55819200
387.5,6825700,33170500,40645800,54173100
388.5,6459800,31606700,39354800,52588700
389.5,6110500,30102900,38097500,51062900
390.5,5777400,28658000,36873200,49592900
391.5,5459800,27270600,35681300,48175900
392.5,5157100,25939200,34520900,46809200
393.5,4868800,24662600,33391500,45490200
394.5,4594300,23439200,32292400,44216300
395.5,4333100,22267600,31223000,42985400
396.5,4084800,21146500,30182600,41795000
397.5,3848700,20074300,29170600,40643200
398.5,3624500,19049600,28186400,39527900
399.5,3411600,18071000,27229600,38447300
400.5,3209500,17137100,26299400,37399600
401.5,3017900,16246200,25395300,36383200
402.5,2836300,15397100,24516800,35396500
403.5,2664200,14588200,23663400,34438100
404.5,2501400,13818200,22834600,33506700
405.5,2347200,13085500,22029800,32601000
406.5,2201500,12388900,21248600,31719900
407.5,2063700,11726900,20490400,30862400
408.5,1933600,11098100,19754800,30027400
409.5,1810700,10501300,19041300,29214000
410.5,1694800,9934900,18349400,28421400
411.5,1585600,9397900,17678800,27648800
412.5,1482600,8888900,17028900,26895500
413.5,1385600,8406600,16399300,26160700
414.5,1294400,7949800,15789600,25443900
415.5,1208500,7517400,15199300,24744400
416.5,1127800,7108100,14628100,24061800
417.5,1052000,6721000,14075400,23395400
418.5,980800,6354900,13540900,22744800
419.5,914000,6008700,13024100,22109600
420.5,851400,5681400,12524700,21489200
421.5,792700,5372200,12042200,20883400
422.5,737700,5079900,11576200,20291700
423.5,686200,4803800,11126300,19713700
424.5,638100,4542900,10692200,19149200
425.5,593100,4296500,10273400,18597700
426.5,551000,4063800,9869500,18059000
427.5,511700,3843900,9480200,17532700
428.5,475000,3636200,9105000,17018500
429.5,440800,3440000,8743500,16516300
430.5,408900,3254600,8395400,16025600
431.5,379100,3079400,8060400,15546200
432.5,351400,2913900,7737900,15078000
433.5,325600,2757500,7427700,14620600
434.5,301700,2609600,7129300,14173800
435.5,279300,2469800,6842500,13737300
436.5,258600,2337500,6566700,13311100
437.5,239300,2212500,6301800,12894800
438.5,221400,2094100,6047300,12488200
439.5,204800,1982100,5802900,12091100
440.5,189400,1876100,5568200,11703400
441.5,175100,1775700,5342800,11324900
442.5,161800,1680700,5126600,10955300
443.5,149500,1590700,4919100,10594500
444.5,138100,1505300,4720000,10242400
445.5,127500,1424500,4529000,9898700
446.5,117800,1347900,4345800,9563300
447.5,108700,1275200,4170100,9236100
448.5,100300,1206300,4001600,8916900
449.5,92600,1141000,3840000,8605500
450.5,85400,1079000,3685100,8301900
451.5,78800,1020200,3536600,8005800
452.5,72600,964400,3394200,7717200
453.5,67000,911500,3257600,7435900
454.5,61700,861300,3126700,7161900
455.5,56900,813700,3001200,6894900
456.5,52400,768400,2880800,6634900
457.5,48300,725500,2765400,6381700
458.5,44500,684800,2654700,6135300
459.5,41000,646200,2548600,5895500
460.5,37700,609600,2446800,5662300
461.5,34700,574800,2349100,5435500
462.5,31900,541800,2255400,5215100
463.5,29400,510600,2165500,5000900
464.5,27000,481000,2079200,4792800
465.5,24800,452900,1996400,4590800
466.5,22800,426200,1917000,4394800
467.5,21000,401000,1840700,4204600
468.5,19300,377100,1767500,4020200
469.5,17700,354500,1697200,3841600
470.5,16200,333100,1629600,3668500
471.5,14900,312800,1564800,3501000
472.5,13700,293700,1502500,3338900
473.5,12500,275500,1442600,3182200
474.5,11500,258400,1385200,3030700
475.5,10500,242200,1329900,2884400
476.5,9600,226900,1276800,2743200
477.5,8800,212500,1225800,2607000
478.5,8100,198900,1176800,2475700
479.5,7400,186000,1129700,2349200
480.5,6700,173900,1084400,2227500
481.5,6200,162500,1040800,2110400
482.5,5600,151800,999000,1997900
483.5,5100,141700,958800,1889800
484.5,4700,132200,920100,1786000
485.5,4300,123200,882900,1686600
486.5,3900,114800,847200,1591300
487.5,3500,106900,812800,1500100
488.5,3200,99500,779800,1412900
489.5,2900,92600,748000,1329500
490.5,2700,86100,717500,1250000
491.5,2400,80000,688200,1174100
492.5,2200,74200,660000,1101800
493.5,2000,68900,632900,1032900
494.5,1800,63900,606800,967400
495.5,1600,59200,581800,905200
496.5,1500,54800,557700,846200
497.5,1300,50800,534600,790200
498.5,1200,47000,512400,737200
499.5,1100,43400,491100,687000
500.5,1000,40100,470600,639600
501.5,900,37000,450900,594800
502.5,800,34200,432000,552600
503.5,700,31500,413800,512800
504.5,700,29000,396400,475400
505.5,600,26700,379600,440200
506.5,500,24600,363600,407200
507.5,500,22600,348100,376200
508.5,400,20800,333300,347200
509.5,400,19100,319100,320100
510.5,300,17500,305400,294700
511.5,300,16100,292400,271100
512.5,300,14700,279800,249000
513.5,200,13500,267700,228500
514.5,200,12300,256200,209500
515.5,200,11300,245100,191700
516.5,200,10300,234500,175300
517.5,200,9400,224300,160100
518.5,100,8600,214500,146000
519.5,100,7800,205100,133000
520.5,100,7100,196100,121000
521.5,0,6500,187500,110000
522.5,0,5900,179300,99800
523.5,0,5400,171400,90500
524.5,0,4900,163800,81900
525.5,0,4400,156500,74100
526.5,0,4000,149600,66900
527.5,0,3700,142900,60300
528.5,0,3300,136500,54400
529.5,0,3000,130400,48900
530.5,0,2700,124500,43900
531.5,0,2500,118900,39400
532.5,0,2200,113600,35300
533.5,0,2000,108400,31600
534.5,0,1800,103500,28200
535.5,0,1600,98800,25200
536.5,0,1500,94300,22500
537.5,0,1300,90000,20000
538.5,0,1200,85900,17800
539.5,0,1100,81900,15800
540.5,0,1000,78200,14000
541.5,0,900,74600,12400
542.5,0,800,71100,10900
543.5,0,700,67800,9700
544.5,0,600,64700,8500
545.5,0,600,61600,7500
546.5,0,500,58800,6600
547.5,0,400,56000,5800
548.5,0,400,53400,5100
549.5,0,400,50800,4500
550.5,0,300,48400,3900
551.5,0,300,46100,3400
552.5,0,200,43900,3000
553.5,0,200,41800,2600
554.5,0,200,39800,2200
555.5,0,200,37900,1900
556.5,0,200,36100,1700
557.5,0,100,34400,1500
558.5,0,100,32700,1300
559.5,0,100,31100,1100
560.5,0,0,29600,900
561.5,0,0,28100,800
562.5,0,0,26800,700
563.5,0,0,25400,600
564.5,0,0,24200,500
565.5,0,0,23000,400
566.5,0,0,21900,400
567.5,0,0,20800,300
568.5,0,0,19700,300
569.5,0,0,18700,200
570.5,0,0,17800,200
571.5,0,0,16900,200
572.5,0,0,16000,100
573.5,0,0,15200,100
574.5,0,0,14400,100
575.5,0,0,13700,0
576.5,0,0,13000,0
577.5,0,0,12300,0
578.5,0,0,11700,0
579.5,0,0,11100,0
580.5,0,0,10500,0
581.5,0,0,10000,0
582.5,0,0,9400,0
583.5,0,0,8900,0
584.5,0,0,8500,0
585.5,0,0,8000,0
586.5,0,0,7600,0
587.5,0,0,7200,0
588.5,0,0,6800,0
589.5,0,0,6400,0
590.5,0,0,6100,0
591.5,0,0,5700,0
592.5,0,0,5400,0
593.5,0,0,5100,0
594.5,0,0,4800,0
595.5,0,0,4600,0
596.5,0,0,4300,0
597.5,0,0,4100,0
598.5,0,0,3800,0
599.5,0,0,3600,0
600.5,0,0,3400,0
601.5,0,0,3200,0
602.5,0,0,3000,0
603.5,0,0,2900,0
604.5,0,0,2700,0
605.5,0,0,2500,0
606.5,0,0,2400,0
607.5,0,0,2300,0
608.5,0,0,2100,0
609.5,0,0,2000,0
610.5,0,0,1900,0
611.5,0,0,1800,0
612.5,0,0,1700,0
613.5,0,0,1600,0
614.5,0,0,1500,0
615.5,0,0,1400,0
616.5,0,0,1300,0
617.5,0,0,1200,0
618.5,0,0,1100,0
619.5,0,0,1100,0
620.5,0,0,1000,0
621.5,0,0,900,0
622.5,0,0,900,0
623.5,0,0,800,0
624.5,0,0,800,0
625.5,0,0,700,0
626.5,0,0,700,0
627.5,0,0,600,0
628.5,0,0,600,0
629.5,0,0,600,0
630.5,0,0,500,0
631.5,0,0,500,0
632.5,0,0,500,0
633.5,0,0,400,0
634.5,0,0,400,0
635.5,0,0,400,0
636.5,0,0,300,0
637.5,0,0,300,0
638.5,0,0,300,0
639.5,0,0,300,0
640.5,0,0,300,0
641.5,0,0,200,0
642.5,0,0,200,0
643.5,0,0,200,0
644.5,0,0,200,0
645.5,0,0,200,0
646.5,0,0,200,0
647.5,0,0,200,0
648.5,0,0,100,0
649.5,0,0,100,0
650.5,0,0,100,0
651.5,0,0,100,0
652.5,0,0,100,0
653.5,0,0,0,0
654.5,0,0,0,0
655.5,0,0,0,0
656.5,0,0,0,0
657.5,0,0,0,0
658.5,0,0,0,0
659.5,0,0,0,0
660.5,0,0,0,0
661.5,0,0,0,0
662.5,0,0,0,0
663.5,0,0,0,0
664.5,0,0,0,0
665.5,0,0,0,0
666.5,0,0,0,0
667.5,0,0,0,0
668.5,0,0,0,0
669.5,0,0,0,0
670.5,0,0,0,0
671.5,0,0,0,0
672.5,0,0,0,0
673.5,0,0,0,0
674.5,0,0,0,0
675.5,0,0,0,0
676.5,0,0,0,0
677.5,0,0,0,0
678.5,0,0,0,0
679.5,0,0,0,0
680.5,0,0,0,0
681.5,0,0,0,0
682.5,0,0,0,0
683.5,0,0,0,0
684.5,0,0,0,0
685.5,0,0,0,0
686.5,0,0,0,0
687.5,0,0,0,0
688.5,0,0,0,0
689.5,0,0,0,0
690.5,0,0,0,0
691.5,0,0,0,0
692.5,0,0,0,0
693.5,0,0,0,0
694.5,0,0,0,0
695.5,0,0,0,0
696.5,0,0,0,0
697.5,0,0,0,0
698.5,0,0,0,0
699.5,0,0,0,0
700.5,0,0,0,0
701.5,0,0,0,0
702.5,0,0,0,0
703.5,0,0,0,0
704.5,0,0,0,0
705.5,0,0,0,0
706.5,0,0,0,0
707.5,0,0,0,0
708.5,0,0,0,0
709.5,0,0,0,0
710.5,0,0,0,0
711.5,0,0,0,0
712.5,0,0,0,0
713.5,0,0,0,0
714.5,0,0,0,0
715.5,0,0,0,0
716.5,0,0,0,0
717.5,0,0,0,0
718.5,0,0,0,0
719.5,0,0,0,0
720.5,0,0,0,0
721.5,0,0,0,0
722.5,0,0,0,0
723.5,0,0,0,0
724.5,0,0,0,0
725.5,0,0,0,0
726.5,0,0,0,0
727.5,0,0,0,0
728.5,0,0,0,0
729.5,0,0,0,0
730.5,0,0,0,0
731.5,0,0,0,0
732.5,0,0,0,0
733.5,0,0,0,0
734.5,0,0,0,0
735.5,0,0,0,0
736.5,0,0,0,0
737.5,0,0,0,0
738.5,0,0,0,0
739.5,0,0,0,0
740.5,0,0,0,0
741.5,0,0,0,0
742.5,0,0,0,0
743.5,0,0,0,0
744.5,0,0,0,0
745.5,0,0,0,0
746.5,0,0,0,0
747.5,0,0,0,0
748.5,0,0,0,0
749.5,0,0,0,0
750.5,0,0,0,0
751.5,0,0,0,0
752.5,0,0,0,0
753.5,0,0,0,0
754.5,0,0,0,0
755.5,0,0,0,0
756.5,0,0,0,0
757.5,0,0,0,0
758.5,0,0,0,0
759.5,0,0,0,0
760.5,0,0,0,0
761.5,0,0,0,0
762.5,0,0,0,0
763.5,0,0,0,0
764.5,0,0,0,0
765.5,0,0,0,0
766.5,0,0,0,0
767.5,0,0,0,0
768.5,0,0,0,0
769.5,0,0,0,0
770.5,0,0,0,0
771.5,0,0,0,0
772.5,0,0,0,0
773.5,0,0,0,0
774.5,0,0,0,0
775.5,0,0,0,0
776.5,0,0,0,0
777.5,0,0,0,0
778.5,0,0,0,0
779.5,0,0,0,0
780.5,0,0,0,0
781.5,0,0,0,0
782.5,0,0,0,0
783.5,0,0,0,0
784.5,0,0,0,0
785.5,0,0,0,0
786.5,0,0,0,0
787.5,0,0,0,0
788.5,0,0,0,0
789.5,0,0,0,0
790.5,0,0,0,0
791.5,0,0,0,0
792.5,0,0,0,0
793.5,0,0,0,0
794.5,0,0,0,0
795.5,0,0,0,0
796.5,0,0,0,0
797.5,0,0,0,0
798.5,0,0,0,0
799.5,0,0,0,0
800.5,0,0,0,0
801.5,0,0,0,0
802.5,0,0,0,0
803.5,0,0,0,0
804.5,0,0,0,0
805.5,0,0,0,0
806.5,0,0,0,0
807.5,0,0,0,0
808.5,0,0,0,0
809.5,0,0,0,0
810.5,0,0,0,0
811.5,0,0,0,0
812.5,0,0,0,0
813.5,0,0,0,0
814.5,0,0,0,0
815.5,0,0,0,0
816.5,0,0,0,0
817.5,0,0,0,0
818.5,0,0,0,0
819.5,0,0,0,0
820.5,0,0,0,0
821.5,0,0,0,0
822.5,0,0,0,0
823.5,0,0,0,0
824.5,0,0,0,0
825.5,0,0,0,0
826.5,0,0,0,0
827.5,0,0,0,0
828.5,0,0,0,0
829.5,0,0,0,0
830.5,0,0,0,0
831.5,0,0,0,0
832.5,0,0,0,0
833.5,0,0,0,0
834.5,0,0,0,0
835.5,0,0,0,0
836.5,0,0,0,0
837.5,0,0,0,0
838.5,0,0,0,0
839.5,0,0,0,0
840.5,0,0,0,0
841.5,0,0,0,0
842.5,0,0,0,0
843.5,0,0,0,0
844.5,0,0,0,0
845.5,0,0,0,0
846.5,0,0,0,0
847.5,0,0,0,0
848.5,0,0,0,0
849.5,0,0,0,0
850.5,0,0,0,0
851.5,0,0,0,0
852.5,0,0,0,0
853.5,0,0,0,0
854.5,0,0,0,0
855.5,0,0,0,0
856.5,0,0,0,0
857.5,0,0,0,0
858.5,0,0,0,0
859.5,0,0,0,0
860.5,0,0,0,0
861.5,0,0,0,0
862.5,0,0,0,0
863.5,0,0,0,0
864.5,0,0,0,0
865.5,0,0,0,0
866.5,0,0,0,0
867.5,0,0,0,0
868.5,0,0,0,0
869.5,0,0,0,0
870.5,0,0,0,0
871.5,0,0,0,0
872.5,0,0,0,0
873.5,0,0,0,0
874.5,0,0,0,0
875.5,0,0,0,0
876.5,0,0,0,0
877.5,0,0,0,0
878.5,0,0,0,0
879.5,0,0,0,0
880.5,0,0,0,0
881.5,0,0,0,0
882.5,0,0,0,0
883.5,0,0,0,0
884.5,0,0,0,0
885.5,0,0,0,0
886.5,0,0,0,0
887.5,0,0,0,0
888.5,0,0,0,0
889.5,0,0,0,0
890.5,0,0,0,0
891.5,0,0,0,0
892.5,0,0,0,0
893.5,0,0,0,0
894.5,0,0,0,0
895.5,0,0,0,0
896.5,0,0,0,0
897.5,0,0,0,0
898.5,0,0,0,0
899.5,0,0,0,0
900.5,0,0,0,0
901.5,0,0,0,0
902.5,0,0,0,0
903.5,0,0,0,0
904.5,0,0,0,0
905.5,0,0,0,0
906.5,0,0,0,0
907.5,0,0,0,0
908.5,0,0,0,0
909.5,0,0,0,0
910.5,0,0,0,0
911.5,0,0,0,0
912.5,0,0,0,0
913.5,0,0,0,0
914.5,0,0,0,0
915.5,0,0,0,0
916.5,0,0,0,0
917.5,0,0,0,0
918.5,0,0,0,0
919.5,0,0,0,0
920.5,0,0,0,0
921.5,0,0,0,0
922.5,0,0,0,0
923.5,0,0,0,0
924.5,0,0,0,0
925.5,0,0,0,0
926.5,0,0,0,0
927.5,0,0,0,0
928.5,0,0,0,0
929.5,0,0,0,0
930.5,0,0,0,0
931.5,0,0,0,0
932.5,0,0,0,0
933.5,0,0,0,0
934.5,0,0,0,0
935.5,0,0,0,0
936.5,0,0,0,0
937.5,0,0,0,0
938.5,0,0,0,0
939.5,0,0,0,0
940.5,0,0,0,0
941.5,0,0,0,0
942.5,0,0,0,0
943.5,0,0,0,0
944.5,0,0,0,0
945.5,0,0,0,0
946.5,0,0,0,0
947.5,0,0,0,0
948.5,0,0,0,0
949.5,0,0,0,0
950.5,0,0,0,0
951.5,0,0,0,0
952.5,0,0,0,0
953.5,0,0,0,0
954.5,0,0,0,0
955.5,0,0,0,0
956.5,0,0,0,0
957.5,0,0,0,0
958.5,0,0,0,0
959.5,0,0,0,0
960.5,0,0,0,0
961.5,0,0,0,0
962.5,0,0,0,0
963.5,0,0,0,0
964.5,0,0,0,0
965.5,0,0,0,0
966.5,0,0,0,0
967.5,0,0,0,0
968.5,0,0,0,0
969.5,0,0,0,0
970.5,0,0,0,0
971.5,0,0,0,0
972.5,0,0,0,0
973.5,0,0,0,0
974.5,0,0,0,0
975.5,0,0,0,0
976.5,0,0,0,0
977.5,0,0,0,0
978.5,0,0,0,0
979.5,0,0,0,0
980.5,0,0,0,0
981.5,0,0,0,0
982.5,0,0,0,0
983.5,0,0,0,0
984.5,0,0,0,0
985.5,0,0,0,0
986.5,0,0,0,0
987.5,0,0,0,0
988.5,0,0,0,0
989.5,0,0,0,0
990.5,0,0,0,0
991.5,0,0,0,0
992.5,0,0,0,0
993.5,0,0,0,0
994.5,0,0,0,0
995.5,0,0,0,0
996.5,0,0,0,0
997.5,0,0,0,0
998.5,0,0,0,0
999.5,0,0,0,