size,2d_rnaEasy_0.1_AMG,2d_rnaEasy_0.01_AMG,2d_rnaEasy_0.05_AMG,3d_rnaEasy_1.0_AMG
0.5,0,0,0,0
1.5,0,0,0,0
2.5,0,0,0,0
3.5,0,0,17400,0
4.5,0,0,1528900,0
5.5,0,0,3346000,0
6.5,100,0,1237900,0
7.5,92200,0,282100,0
8.5,1874900,0,91800,0
9.5,4831600,0,61800,0
10.5,4186500,0,82500,0
11.5,2419700,0,168800,0
12.5,1520900,0,404100,240
13.5,1617000,100,939500,2080
14.5,2975200,1400,1928200,13280
15.5,6009700,8700,3390200,55040
16.5,10743900,36600,5144500,162320
17.5,16751700,113800,6905500,363760
18.5,23513100,280300,8448000,654800
19.5,30666200,582900,9691400,993440
20.5,37990900,1081600,10678500,1322880
21.5,45298900,1871100,11512000,1601040
22.5,52382000,3112800,12301900,1813520
23.5,59028400,5069300,13139600,1970880
24.5,65055300,8123400,14091900,2098400
25.5,70331100,12742100,15203400,2227280
26.5,74787000,19345800,16495800,2390400
27.5,78424700,28104100,17961900,2621280
28.5,81315500,38753500,19558400,2954800
29.5,83588800,50551300,21205000,3428400
30.5,85411300,62409700,22795500,4081680
31.5,86961700,73155900,24216000,4955760
32.5,88408500,81809100,25364900,6090880
33.5,89893100,87776900,26167600,7524000
34.5,91520000,90922000,26584700,9285120
35.5,93353900,91507600,26612900,11394800
36.5,95420700,90065500,26281500,13860960
37.5,97712200,87238200,25645000,16678000
38.5,100191100,83642500,24774500,19825520
39.5,102796300,79776600,23748000,23269360
40.5,105447500,75979000,22642600,26962960
41.5,108049900,72429600,21528300,30849840
42.5,110497500,69179300,20464100,34866640
43.5,112678900,66192400,19497200,38946480
44.5,114483200,63391600,18662900,43022480
45.5,115808500,60695100,17986700,47030560
46.5,116570900,58043700,17486300,50912240
47.5,116713300,55415700,17173800,54616160
48.5,116211400,52829900,17058100,58099840
49.5,115077000,50340300,17145800,61329040
50.5,113356300,48024300,17442400,64278400
51.5,111123800,45969400,17952800,66929840
52.5,108474600,44259900,18680800,69271680
53.5,105514600,42966100,19628600,71297360
54.5,102351000,42137000,20795800,73004000
55.5,99084800,41795500,22178400,74391520
56.5,95805400,41936900,23767500,75461760
57.5,92587500,42529000,25548000,76218000
58.5,89490400,43513800,27498100,76665120
59.5,86558300,44810600,29588700,76809520
60.5,83822600,46320500,31783200,76659520
61.5,81303900,47932200,34039300,76226000
62.5,79014400,49530000,36309800,75522640
63.5,76960600,51001700,38545300,74566000
64.5,75144800,52247700,40697200,73375920
65.5,73567000,53188300,42720700,71974960
66.5,72225700,53769300,44577700,70388400
67.5,71118900,53965900,46239500,68643200
68.5,70244100,53782100,47688400,66767520
69.5,69598500,53248100,48917800,64789840
70.5,69178400,52415800,49932200,62738240
71.5,68979300,51352000,50745200,60639600
72.5,68994800,50132500,51376900,58518960
73.5,69216400,48835700,51851800,56399200
74.5,69632800,47537800,52195400,54300720
75.5,70229700,46309500,52432200,52241200
76.5,70989700,45213900,52583800,50235600
77.5,71892200,44305500,52667600,48296320
78.5,72914000,43630600,52697000,46433600
79.5,74029400,43227800,52681000,44655280
80.5,75211800,43129400,52625300,42967360
81.5,76433900,43361900,52533500,41374240
82.5,77669300,43947400,52407800,39879040
83.5,78893300,44903700,52250300,38483760
84.5,80084300,46244700,52064000,37189440
85.5,81224000,47979800,51853200,35996640
86.5,82298500,50113500,51624300,34905280
87.5,83298800,52644400,51385500,33915040
88.5,84220400,55564100,51146900,33025280
89.5,85063400,58856100,50919900,32235440
90.5,85832200,62494700,50717100,31544720
91.5,86534600,66444900,50551700,30952400
92.5,87181400,70661700,50436600,30458000
93.5,87785300,75091000,50384100,30060880
94.5,88360000,79670300,50405300,29760880
95.5,88919800,84330900,50510100,29557840
96.5,89478700,89000300,50706100,29451840
97.5,90049700,93604600,50999500,29443120
98.5,90644300,98072100,51393700,29532320
99.5,91272500,102336000,51890600,29720240
100.5,91942200,106337400,52489400,30007920
101.5,92659300,110027700,53187900,30396560
102.5,93427900,113369900,53981600,30887840
103.5,94249900,116339600,54864700,31483520
104.5,95125900,118924900,55830000,32185600
105.5,96054800,121125700,56869000,32996320
106.5,97034300,122952100,57972400,33918320
107.5,98061300,124422300,59130500,34954240
108.5,99131700,125560900,60333000,36107120
109.5,100241100,126395900,61569700,37380080
110.5,101384800,126957400,62830400,38776560
111.5,102558000,127275200,64105300,40300240
112.5,103755800,127377700,65385500,41954880
113.5,104973600,127290800,66662300,43744720
114.5,106206800,127037400,67928400,45674080
115.5,107451400,126637400,69177100,47747520
116.5,108703600,126107500,70403100,49970000
117.5,109960000,125462000,71602200,52346720
118.5,111217800,124713100,72771100,54883280
119.5,112474800,123871500,73908000,57585600
120.5,113729100,122946900,75011900,60460000
121.5,114979700,121948600,76083200,63513200
122.5,116226200,120885900,77123000,66752400
123.5,117469000,119768000,78133400,70185280
124.5,118709200,118604900,79117500,73820000
125.5,119948800,117406700,80078900,77665120
126.5,121190600,116184100,81021800,81729680
127.5,122438400,114947900,81951100,86023440
128.5,123696600,113709400,82871900,90556320
129.5,124970900,112479600,83789800,95338720
130.5,126267300,111269700,84710400,100381520
131.5,127593100,110090600,85639700,105695840
132.5,128956000,108952700,86583600,111292880
133.5,130364600,107866000,87548000,117184080
134.5,131828000,106839900,88538800,123380880
135.5,133355800,105883500,89561800,129894640
136.5,134958200,105004900,90622700,136736480
137.5,136645500,104211900,91726900,143916960
138.5,138428600,103511400,92879800,151446240
139.5,140318400,102910200,94086300,159333920
140.5,142326000,102414100,95351400,167588560
141.5,144462600,102028700,96679600,176217680
142.5,146739400,101759300,98075300,185227920
143.5,149167300,101610600,99542500,194624320
144.5,151757400,101587100,101085000,204410560
145.5,154520400,101693100,102706300,214588880
146.5,157467000,101932700,104409800,225159760
147.5,160607200,102309800,106198200,236121760
148.5,163951200,102828300,108074500,247471680
149.5,167508600,103491900,110040900,259204480
150.5,171288400,104304300,112099500,271313040
151.5,175299500,105269200,114252300,283788160
152.5,179550100,106390200,116500700,296618800
153.5,184047900,107671000,118846000,309791760
154.5,188800200,109115100,121289200,323292000
155.5,193813600,110726100,123831000,337102480
156.5,199093900,112507700,126471800,351204320
157.5,204646400,114463100,129211700,365576960
158.5,210475600,116596000,132050600,380198080
159.5,216585500,118909700,134988000,395043680
160.5,222978900,121407300,138023400,410088560
161.5,229658100,124091900,141155600,425305760
162.5,236624600,126966500,144383700,440667600
163.5,243878800,130033800,147706100,456144880
164.5,251420600,133296100,151121200,471707600
165.5,259248700,136755700,154627200,487324960
166.5,267361300,140414400,158222200,502965440
167.5,275755600,144273800,161903900,518596800
168.5,284427900,148335100,165669900,534186640
169.5,293373900,152599100,169518000,549701920
170.5,302588500,157066000,173445400,565109600
171.5,312065900,161735900,177449500,580376560
172.5,321799500,166608200,181527600,595469680
173.5,331782200,171681900,185676900,610356000
174.5,342006400,176955500,189894700,625002800
175.5,352464000,182427000,194178000,639377920
176.5,363146200,188093800,198524200,653449520
177.5,374044200,193952900,202930200,667186560
178.5,385148700,200000800,207393500,680558560
179.5,396450000,206233500,211911300,693536080
180.5,407938300,212646300,216480800,706090320
181.5,419603900,219234300,221099500,718194000
182.5,431436600,225991900,225764700,729820640
183.5,443426300,232913100,230474000,740945280
184.5,455563000,239991500,235224900,751544080
185.5,467836500,247220300,240015100,761595120
186.5,480236900,254592200,244842200,771077680
187.5,492754000,262099800,249704000,779972960
188.5,505378100,269735000,254598200,788263920
189.5,518099400,277489600,259522700,795935360
190.5,530908000,285355300,264475300,802974080
191.5,543794300,293323200,269453900,809368960
192.5,556748900,301384500,274456500,815110800
193.5,569762000,309530100,279481000,820192800
194.5,582824200,317750800,284525200,824610080
195.5,595925900,326037400,289587100,828360160
196.5,609057500,334380600,294664600,831442640
197.5,622209400,342771100,299755700,833859440
198.5,635371600,351199400,304858000,835614560
199.5,648534200,359656400,309969400,836714160
200.5,661686700,368132800,315087800,837166640
201.5,674818600,376619500,320210900,836982160
202.5,687918800,385107500,325336200,836173040
203.5,700975800,393588000,330461500,834753360
204.5,713977600,402052300,335584400,832739040
205.5,726911700,410491800,340702400,830147360
206.5,739764700,418898200,345812900,826997440
207.5,752522600,427263400,350913400,823309520
208.5,765170900,435579300,356001300,819104960
209.5,777693700,443838200,361074000,814406480
210.5,790074800,452032500,366128700,809237280
211.5,802296600,460154900,371162700,803621680
212.5,814340800,468198100,376173300,797584240
213.5,826188000,476155100,381157500,791150240
214.5,837817900,484019100,386112700,784345040
215.5,849208900,491783300,391036000,777194080
216.5,860338800,499441400,395924400,769723040
217.5,871184000,506986800,400775000,761957120
218.5,881720300,514413400,405585100,753921360
219.5,891922400,521715000,410351500,745640560
220.5,901764100,528885700,415071500,737138800
221.5,911218800,535919500,419741900,728439680
222.5,920259000,542810600,424359900,719566080
223.5,928856800,549553400,428922400,710540080
224.5,936983900,556142300,433426500,701383040
225.5,944611900,562571600,437869100,692115440
226.5,951712200,568836100,442247300,682756640
227.5,958256600,574930200,446557800,673325360
228.5,964217100,580848800,450797800,663839120
229.5,969566500,586586700,454964000,654314560
230.5,974278300,592138700,459053200,644767280
231.5,978327000,597499900,463062500,635211920
232.5,981688400,602665400,466988400,625662080
233.5,984340000,607630300,470827800,616130480
234.5,986260900,612390100,474577300,606628800
235.5,987432300,616940300,478233700,597167840
236.5,987837500,621276500,481793400,587757600
237.5,987462400,625394400,485253000,578406960
238.5,986295300,629290100,488608900,569124320
239.5,984327400,632959800,491857600,559916960
240.5,981552900,636399800,494995300,550791520
241.5,977968900,639606800,498018400,541754080
242.5,973576000,642577500,500923000,532809760
243.5,968377700,645309200,503705300,523963360
244.5,962381000,647799000,506361200,515218800
245.5,955596100,650044700,508886900,506579600
246.5,948036500,652044200,511278300,498048720
247.5,939719100,653795700,513531200,489628640
248.5,930663700,655297800,515641600,481321440
249.5,920893300,656549200,517605300,473128800
250.5,910433700,657549100,519418200,465051840
251.5,899313500,658297100,521075900,457091600
252.5,887563800,658793000,522574400,449248640
253.5,875218100,659037000,523909600,441523280
254.5,862311800,659029500,525077300,433915600
255.5,848882200,658771500,526073600,426425360
256.5,834968100,658264200,526894400,419052320
257.5,820609600,657509000,527536000,411795840
258.5,805847900,656507900,527994700,404655280
259.5,790724800,655263000,528266900,397629680
260.5,775282300,653776900,528349300,390718080
261.5,759562900,652052300,528238700,383919280
262.5,743608700,650092400,527932200,377232320
263.5,727461500,647900600,527427100,370655680
264.5,711162400,645480600,526721100,364188000
265.5,694751500,642836300,525812000,357828080
266.5,678268100,639972000,524698100,351574240
267.5,661749900,636892000,523378000,345425040
268.5,645233200,633601100,521850600,339378880
269.5,628752700,630104200,520115300,333434320
270.5,612341300,626406200,518171900,327589600
271.5,596030000,622512500,516020500,321843280
272.5,579847900,618428500,513661700,316193600
273.5,563822000,614159700,511096600,310639120
274.5,547977300,609711800,508326800,305178080
275.5,532336500,605090600,505354200,299808880
276.5,516920600,600302100,502181200,294530000
277.5,501748100,595352100,498810700,289339760
278.5,486835600,590246800,495246100,284236640
279.5,472197700,584992300,491491200,279219040
280.5,457847100,579594800,487550200,274285360
281.5,443794400,574060300,483427900,269434240
282.5,430048700,568395200,479129200,264664000
283.5,416617100,562605700,474659700,259973200
284.5,403505300,556697800,470025200,255360400
285.5,390717200,550677900,465232000,250824160
286.5,378255600,544552000,460286600,246362960
287.5,366121800,538326200,455195800,241975520
288.5,354315800,532006700,449966800,237660400
289.5,342836600,525599500,444606900,233416160
290.5,331682300,519110400,439123700,229241600
291.5,320849900,512545300,433524900,225135360
292.5,310335700,505910000,427818500,221096080
293.5,300135200,499210300,422012500,217122640
294.5,290243500,492451800,416114900,213213680
295.5,280654800,485639900,410134000,209368080
296.5,271363300,478780100,404078000,205584640
297.5,262362300,471877700,397955000,201862080
298.5,253645300,464938000,391773100,198199360
299.5,245205100,457966000,385540500,194595360
300.5,237034800,450966700,379265000,191048960
301.5,229126800,443945000,372954600,187559040
302.5,221474000,436905600,366617000,184124640
303.5,214068800,429853300,360259700,180744720
304.5,206903900,422792400,353889900,177418240
305.5,199971800,415727500,347515000,174144240
306.5,193265400,408662800,341141700,170921760
307.5,186777300,401602500,334776900,167749920
308.5,180500400,394550500,328426700,164627680
309.5,174427900,387510800,322097600,161554240
310.5,168552900,380487300,315795200,158528800
311.5,162868700,373483500,309525200,155550320
312.5,157368800,366503100,303293000,152618240
313.5,152047100,359549400,297103500,149731520
314.5,146897400,352625800,290961500,146889520
315.5,141913800,345735400,284871300,144091440
316.5,137090500,338881400,278837200,141336480
317.5,132422100,332066700,272863000,138624080
318.5,127903200,325294100,266952300,135953440
319.5,123528800,318566500,261108200,133323920
320.5,119293800,311886300,255333900,130734880
321.5,115193500,305256200,249632100,128185600
322.5,111223400,298678500,244005200,125675600
323.5,107379000,292155500,238455500,123204240
324.5,103656200,285689500,232984900,120770880
325.5,100050800,279282500,227595100,118375040
326.5,96559100,272936500,222287700,116016160
327.5,93177200,266653400,217064000,113693760
328.5,89901600,260435000,211925000,111407280
329.5,86728800,254283100,206871600,109156240
330.5,83655700,248199100,201904600,106940240
331.5,80678800,242184800,197024300,104758800
332.5,77795400,236241400,192231300,102611520
333.5,75002300,230370300,187525700,100497840
334.5,72296900,224572900,182907500,98417520
335.5,69676400,218850300,178376600,96370160
336.5,67138300,213203600,173933000,94355280
337.5,64680000,207633900,169576100,92372560
338.5,62299200,202142000,165305600,90421680
339.5,59993600,196729000,161121000,88502240
340.5,57760900,191395600,157021600,86614000
341.5,55599000,186142500,153006700,84756640
342.5,53505800,180970500,149075600,82929760
343.5,51479500,175880200,145227300,81133040
344.5,49517900,170872100,141460900,79366320
345.5,47619400,165946800,137775600,77629280
346.5,45782100,161104700,134170100,75921600
347.5,44004300,156346100,130643600,74242960
348.5,42284300,151671400,127194800,72593280
349.5,40620500,147080900,123822700,70972080
350.5,39011400,142574900,120526000,69379200
351.5,37455300,138153400,117303600,67814400
352.5,35951000,133816600,114154300,66277360
353.5,34496800,129564700,111076900,64767920
354.5,33091400,125397500,108070000,63285840
355.5,31733600,121315200,105132600,61830720
356.5,30421900,117317700,102263200,60402480
357.5,29155100,113404700,99460800,59000800
358.5,27932000,109576300,96723900,57625440
359.5,26751300,105832300,94051400,56276160
360.5,25611900,102172300,91442000,54952640
361.5,24512600,98596100,88894500,53654720
362.5,23452300,95103400,86407600,52382080
363.5,22430000,91693900,83980200,51134560
364.5,21444500,88367100,81610900,49911760
365.5,20494800,85122500,79298700,48713520
366.5,19579900,81959900,77042300,47539520
367.5,18698800,78878500,74840600,46389440
368.5,17850600,75877800,72692400,45263120
369.5,17034200,72957300,70596600,44160240
370.5,16248800,70116300,68552000,43080400
371.5,15493500,67354100,66557600,42023440
372.5,14767300,64670000,64612200,40989040
373.5,14069400,62063200,62714900,39976880
374.5,13399000,59533000,60864500,38986720
375.5,12755200,57078400,59060100,38018160
376.5,12137100,54698700,57300600,37070880
377.5,11544100,52392800,55585100,36144640
378.5,10975300,50159900,53912500,35239040
379.5,10430000,47999000,52282100,34353840
380.5,9907400,45908900,50692700,33488720
381.5,9406800,43888800,49143600,32643280
382.5,8927400,41937300,47633800,31817120
383.5,8468600,40053500,46162500,31010080
384.5,8029700,38236100,44728900,30221760
385.5,7610000,36484000,43332100,29451680
386.5,7208900,34795900,41971400,28699680
387.5,6825700,33170500,40645800,27965360
388.5,6459800,31606700,39354800,27248320
389.5,6110500,30102900,38097500,26548240
390.5,5777400,28658000,36873200,25864880
391.5,5459800,27270600,35681300,25197680
392.5,5157100,25939200,34520900,24546480
393.5,4868800,24662600,33391500,23910800
394.5,4594300,23439200,32292400,23290400
395.5,4333100,22267600,31223000,22684960
396.5,4084800,21146500,30182600,22094000
397.5,3848700,20074300,29170600,21517280
398.5,3624500,19049600,28186400,20954400
399.5,3411600,18071000,27229600,20405120
400.5,3209500,17137100,26299400,19869120
401.5,3017900,16246200,25395300,19345920
402.5,2836300,15397100,24516800,18835360
403.5,2664200,14588200,23663400,18337040
404.5,2501400,13818200,22834600,17850640
405.5,2347200,13085500,22029800,17375920
406.5,2201500,12388900,21248600,16912560
407.5,2063700,11726900,20490400,16460160
408.5,1933600,11098100,19754800,16018640
409.5,1810700,10501300,19041300,15587520
410.5,1694800,9934900,18349400,15166640
411.5,1585600,9397900,17678800,14755680
412.5,1482600,8888900,17028900,14354400
413.5,1385600,8406600,16399300,13962480
414.5,1294400,7949800,15789600,13579760
415.5,1208500,7517400,15199300,13206000
416.5,1127800,7108100,14628100,12840880
417.5,1052000,6721000,14075400,12484320
418.5,980800,6354900,13540900,12135920
419.5,914000,6008700,13024100,11795520
420.5,851400,5681400,12524700,11463040
421.5,792700,5372200,12042200,11138160
422.5,737700,5079900,11576200,10820720
423.5,686200,4803800,11126300,10510480
424.5,638100,4542900,10692200,10207440
425.5,593100,4296500,10273400,9911200
426.5,551000,4063800,9869500,9621760
427.5,511700,3843900,9480200,9338960
428.5,475000,3636200,9105000,9062640
429.5,440800,3440000,8743500,8792560
430.5,408900,3254600,8395400,8528640
431.5,379100,3079400,8060400,8270880
432.5,351400,2913900,7737900,8018960
433.5,325600,2757500,7427700,7772880
434.5,301700,2609600,7129300,7532480
435.5,279300,2469800,6842500,7297760
436.5,258600,2337500,6566700,7068480
437.5,239300,2212500,6301800,6844560
438.5,221400,2094100,6047300,6626000
439.5,204800,1982100,5802900,6412640
440.5,189400,1876100,5568200,6204400
441.5,175100,1775700,5342800,6001280
442.5,161800,1680700,5126600,5803120
443.5,149500,1590700,4919100,5609840
444.5,138100,1505300,4720000,5421440
445.5,127500,1424500,4529000,5237760
446.5,117800,1347900,4345800,5058800
447.5,108700,1275200,4170100,4884560
448.5,100300,1206300,4001600,4714800
449.5,92600,1141000,3840000,4549600
450.5,85400,1079000,3685100,4388880
451.5,78800,1020200,3536600,4232560
452.5,72600,964400,3394200,4080560
453.5,67000,911500,3257600,3932880
454.5,61700,861300,3126700,3789440
455.5,56900,813700,3001200,3650160
456.5,52400,768400,2880800,3514960
457.5,48300,725500,2765400,3383920
458.5,44500,684800,2654700,3256800
459.5,41000,646200,2548600,3133680
460.5,37700,609600,2446800,3014480
461.5,34700,574800,2349100,2899120
462.5,31900,541800,2255400,2787520
463.5,29400,510600,2165500,2679680
464.5,27000,481000,2079200,2575440
465.5,24800,452900,1996400,2474880
466.5,22800,426200,1917000,2377760
467.5,21000,401000,1840700,2284240
468.5,19300,377100,1767500,2194080
469.5,17700,354500,1697200,2107280
470.5,16200,333100,1629600,2023680
471.5,14900,312800,1564800,1943440
472.5,13700,293700,1502500,1866240
473.5,12500,275500,1442600,1792160
474.5,11500,258400,1385200,1721120
475.5,10500,242200,1329900,1652960
476.5,9600,226900,1276800,1587680
477.5,8800,212500,1225800,1525280
478.5,8100,198900,1176800,1465520
479.5,7400,186000,1129700,1408480
480.5,6700,173900,1084400,1354000
481.5,6200,162500,1040800,1302000
482.5,5600,151800,999000,1252480
483.5,5100,141700,958800,1205360
484.5,4700,132200,920100,1160480
485.5,4300,123200,882900,1117840
486.5,3900,114800,847200,1077360
487.5,3500,106900,812800,1038960
488.5,3200,99500,779800,1002560
489.5,2900,92600,748000,968080
490.5,2700,86100,717500,935520
491.5,2400,80000,688200,904720
492.5,2200,74200,660000,875680
493.5,2000,68900,632900,848320
494.5,1800,63900,606800,822560
495.5,1600,59200,581800,798320
496.5,1500,54800,557700,775600
497.5,1300,50800,534600,754320
498.5,1200,47000,512400,734400
499.5,1100,43400,491100,715760
500.5,1000,40100,470600,698320
501.5,900,37000,450900,682160
502.5,800,34200,432000,667120
503.5,700,31500,413800,653200
504.5,700,29000,396400,640240
505.5,600,26700,379600,628320
506.5,500,24600,363600,617440
507.5,500,22600,348100,607360
508.5,400,20800,333300,598160
509.5,400,19100,319100,589840
510.5,300,17500,305400,582240
511.5,300,16100,292400,575440
512.5,300,14700,279800,569360
513.5,200,13500,267700,564000
514.5,200,12300,256200,559200
515.5,200,11300,245100,555120
516.5,200,10300,234500,551520
517.5,200,9400,224300,548560
518.5,100,8600,214500,546160
519.5,100,7800,205100,544240
520.5,100,7100,196100,542800
521.5,0,6500,187500,541840
522.5,0,5900,179300,541360
523.5,0,5400,171400,541360
524.5,0,4900,163800,541680
525.5,0,4400,156500,542480
526.5,0,4000,149600,543600
527.5,0,3700,142900,545120
528.5,0,3300,136500,546960
529.5,0,3000,130400,549200
530.5,0,2700,124500,551760
531.5,0,2500,118900,554640
532.5,0,2200,113600,557840
533.5,0,2000,108400,561280
534.5,0,1800,103500,565040
535.5,0,1600,98800,569120
536.5,0,1500,94300,573440
537.5,0,1300,90000,578000
538.5,0,1200,85900,582880
539.5,0,1100,81900,588000
540.5,0,1000,78200,593280
541.5,0,900,74600,598880
542.5,0,800,71100,604720
543.5,0,700,67800,610720
544.5,0,600,64700,616960
545.5,0,600,61600,623440
546.5,0,500,58800,630080
547.5,0,400,56000,636960
548.5,0,400,53400,644000
549.5,0,400,50800,651280
550.5,0,300,48400,658720
551.5,0,300,46100,666320
552.5,0,200,43900,674080
553.5,0,200,41800,682000
554.5,0,200,39800,690000
555.5,0,200,37900,698240
556.5,0,200,36100,706560
557.5,0,100,34400,715040
558.5,0,100,32700,723600
559.5,0,100,31100,732320
560.5,0,0,29600,741040
561.5,0,0,28100,749920
562.5,0,0,26800,758880
563.5,0,0,25400,767840
564.5,0,0,24200,776960
565.5,0,0,23000,786000
566.5,0,0,21900,795120
567.5,0,0,20800,804240
568.5,0,0,19700,813440
569.5,0,0,18700,822560
570.5,0,0,17800,831600
571.5,0,0,16900,840640
572.5,0,0,16000,849680
573.5,0,0,15200,858560
574.5,0,0,14400,867440
575.5,0,0,13700,876160
576.5,0,0,13000,884720
577.5,0,0,12300,893200
578.5,0,0,11700,901520
579.5,0,0,11100,909680
580.5,0,0,10500,917600
581.5,0,0,10000,925360
582.5,0,0,9400,932800
583.5,0,0,8900,940080
584.5,0,0,8500,947040
585.5,0,0,8000,953760
586.5,0,0,7600,960160
587.5,0,0,7200,966240
588.5,0,0,6800,972000
589.5,0,0,6400,977360
590.5,0,0,6100,982400
591.5,0,0,5700,987040
592.5,0,0,5400,991280
593.5,0,0,5100,995040
594.5,0,0,4800,998400
595.5,0,0,4600,1001360
596.5,0,0,4300,1003760
597.5,0,0,4100,1005760
598.5,0,0,3800,1007200
599.5,0,0,3600,1008160
600.5,0,0,3400,1008640
601.5,0,0,3200,1008560
602.5,0,0,3000,1008000
603.5,0,0,2900,1006800
604.5,0,0,2700,1005120
605.5,0,0,2500,1002880
606.5,0,0,2400,1000080
607.5,0,0,2300,996720
608.5,0,0,2100,992800
609.5,0,0,2000,988320
610.5,0,0,1900,983280
611.5,0,0,1800,977680
612.5,0,0,1700,971520
613.5,0,0,1600,964800
614.5,0,0,1500,957520
615.5,0,0,1400,949680
616.5,0,0,1300,941360
617.5,0,0,1200,932560
618.5,0,0,1100,923200
619.5,0,0,1100,913280
620.5,0,0,1000,902960
621.5,0,0,900,892160
622.5,0,0,900,880880
623.5,0,0,800,869200
624.5,0,0,800,857120
625.5,0,0,700,844560
626.5,0,0,700,831680
627.5,0,0,600,818400
628.5,0,0,600,804880
629.5,0,0,600,790960
630.5,0,0,500,776720
631.5,0,0,500,762240
632.5,0,0,500,747520
633.5,0,0,400,732560
634.5,0,0,400,717440
635.5,0,0,400,702160
636.5,0,0,300,686640
637.5,0,0,300,671040
638.5,0,0,300,655280
639.5,0,0,300,639520
640.5,0,0,300,623680
641.5,0,0,200,607760
642.5,0,0,200,591840
643.5,0,0,200,576000
644.5,0,0,200,560080
645.5,0,0,200,544240
646.5,0,0,200,528560
647.5,0,0,200,512880
648.5,0,0,100,497360
649.5,0,0,100,481920
650.5,0,0,100,466640
651.5,0,0,100,451600
652.5,0,0,100,436640
653.5,0,0,0,421920
654.5,0,0,0,407440
655.5,0,0,0,393120
656.5,0,0,0,379040
657.5,0,0,0,365280
658.5,0,0,0,351680
659.5,0,0,0,338400
660.5,0,0,0,325360
661.5,0,0,0,312640
662.5,0,0,0,300240
663.5,0,0,0,288080
664.5,0,0,0,276240
665.5,0,0,0,264720
666.5,0,0,0,253440
667.5,0,0,0,242560
668.5,0,0,0,231920
669.5,0,0,0,221600
670.5,0,0,0,211600
671.5,0,0,0,201920
672.5,0,0,0,192560
673.5,0,0,0,183520
674.5,0,0,0,174720
675.5,0,0,0,166320
676.5,0,0,0,158160
677.5,0,0,0,150320
678.5,0,0,0,142720
679.5,0,0,0,135440
680.5,0,0,0,128480
681.5,0,0,0,121760
682.5,0,0,0,115280
683.5,0,0,0,109120
684.5,0,0,0,103200
685.5,0,0,0,97600
686.5,0,0,0,92160
687.5,0,0,0,86960
688.5,0,0,0,82080
689.5,0,0,0,77360
690.5,0,0,0,72880
691.5,0,0,0,68560
692.5,0,0,0,64480
693.5,0,0,0,60640
694.5,0,0,0,56960
695.5,0,0,0,53440
696.5,0,0,0,50160
697.5,0,0,0,47040
698.5,0,0,0,44000
699.5,0,0,0,41200
700.5,0,0,0,38560
701.5,0,0,0,36080
702.5,0,0,0,33680
703.5,0,0,0,31440
704.5,0,0,0,29280
705.5,0,0,0,27360
706.5,0,0,0,25440
707.5,0,0,0,23680
708.5,0,0,0,22080
709.5,0,0,0,20480
710.5,0,0,0,19040
711.5,0,0,0,17680
712.5,0,0,0,16400
713.5,0,0,0,15200
714.5,0,0,0,14080
715.5,0,0,0,13040
716.5,0,0,0,12000
717.5,0,0,0,11120
718.5,0,0,0,10240
719.5,0,0,0,9440
720.5,0,0,0,8720
721.5,0,0,0,8080
722.5,0,0,0,7440
723.5,0,0,0,6800
724.5,0,0,0,6240
725.5,0,0,0,5760
726.5,0,0,0,5280
727.5,0,0,0,4880
728.5,0,0,0,4480
729.5,0,0,0,4080
730.5,0,0,0,3760
731.5,0,0,0,3440
732.5,0,0,0,3120
733.5,0,0,0,2880
734.5,0,0,0,2560
735.5,0,0,0,2400
736.5,0,0,0,2160
737.5,0,0,0,2000
738.5,0,0,0,1760
739.5,0,0,0,1600
740.5,0,0,0,1440
741.5,0,0,0,1360
742.5,0,0,0,1200
743.5,0,0,0,1120
744.5,0,0,0,960
745.5,0,0,0,880
746.5,0,0,0,800
747.5,0,0,0,720
748.5,0,0,0,640
749.5,0,0,0,560
750.5,0,0,0,560
751.5,0,0,0,480
752.5,0,0,0,400
753.5,0,0,0,400
754.5,0,0,0,320
755.5,0,0,0,320
756.5,0,0,0,320
757.5,0,0,0,240
758.5,0,0,0,240
759.5,0,0,0,240
760.5,0,0,0,160
761.5,0,0,0,160
762.5,0,0,0,160
763.5,0,0,0,160
764.5,0,0,0,80
765.5,0,0,0,80
766.5,0,0,0,80
767.5,0,0,0,80
768.5,0,0,0,0
769.5,0,0,0,0
770.5,0,0,0,0
771.5,0,0,0,0
772.5,0,0,0,0
773.5,0,0,0,0
774.5,0,0,0,0
775.5,0,0,0,0
776.5,0,0,0,0
777.5,0,0,0,0
778.5,0,0,0,0
779.5,0,0,0,0
780.5,0,0,0,0
781.5,0,0,0,0
782.5,0,0,0,0
783.5,0,0,0,0
784.5,0,0,0,0
785.5,0,0,0,0
786.5,0,0,0,0
787.5,0,0,0,0
788.5,0,0,0,0
789.5,0,0,0,0
790.5,0,0,0,0
791.5,0,0,0,0
792.5,0,0,0,0
793.5,0,0,0,0
794.5,0,0,0,0
795.5,0,0,0,0
796.5,0,0,0,0
797.5,0,0,0,0
798.5,0,0,0,0
799.5,0,0,0,0
800.5,0,0,0,0
801.5,0,0,0,0
802.5,0,0,0,0
803.5,0,0,0,0
804.5,0,0,0,0
805.5,0,0,0,0
806.5,0,0,0,0
807.5,0,0,0,0
808.5,0,0,0,0
809.5,0,0,0,0
810.5,0,0,0,0
811.5,0,0,0,0
812.5,0,0,0,0
813.5,0,0,0,0
814.5,0,0,0,0
815.5,0,0,0,0
816.5,0,0,0,0
817.5,0,0,0,0
818.5,0,0,0,0
819.5,0,0,0,0
820.5,0,0,0,0
821.5,0,0,0,0
822.5,0,0,0,0
823.5,0,0,0,0
824.5,0,0,0,0
825.5,0,0,0,0
826.5,0,0,0,0
827.5,0,0,0,0
828.5,0,0,0,0
829.5,0,0,0,0
830.5,0,0,0,0
831.5,0,0,0,0
832.5,0,0,0,0
833.5,0,0,0,0
834.5,0,0,0,0
835.5,0,0,0,0
836.5,0,0,0,0
837.5,0,0,0,0
838.5,0,0,0,0
839.5,0,0,0,0
840.5,0,0,0,0
841.5,0,0,0,0
842.5,0,0,0,0
843.5,0,0,0,0
844.5,0,0,0,0
845.5,0,0,0,0
846.5,0,0,0,0
847.5,0,0,0,0
848.5,0,0,0,0
849.5,0,0,0,0
850.5,0,0,0,0
851.5,0,0,0,0
852.5,0,0,0,0
853.5,0,0,0,0
854.5,0,0,0,0
855.5,0,0,0,0
856.5,0,0,0,0
857.5,0,0,0,0
858.5,0,0,0,0
859.5,0,0,0,0
860.5,0,0,0,0
861.5,0,0,0,0
862.5,0,0,0,0
863.5,0,0,0,0
864.5,0,0,0,0
865.5,0,0,0,0
866.5,0,0,0,0
867.5,0,0,0,0
868.5,0,0,0,0
869.5,0,0,0,0
870.5,0,0,0,0
871.5,0,0,0,0
872.5,0,0,0,0
873.5,0,0,0,0
874.5,0,0,0,0
875.5,0,0,0,0
876.5,0,0,0,0
877.5,0,0,0,0
878.5,0,0,0,0
879.5,0,0,0,0
880.5,0,0,0,0
881.5,0,0,0,0
882.5,0,0,0,0
883.5,0,0,0,0
884.5,0,0,0,0
885.5,0,0,0,0
886.5,0,0,0,0
887.5,0,0,0,0
888.5,0,0,0,0
889.5,0,0,0,0
890.5,0,0,0,0
891.5,0,0,0,0
892.5,0,0,0,0
893.5,0,0,0,0
894.5,0,0,0,0
895.5,0,0,0,0
896.5,0,0,0,0
897.5,0,0,0,0
898.5,0,0,0,0
899.5,0,0,0,0
900.5,0,0,0,0
901.5,0,0,0,0
902.5,0,0,0,0
903.5,0,0,0,0
904.5,0,0,0,0
905.5,0,0,0,0
906.5,0,0,0,0
907.5,0,0,0,0
908.5,0,0,0,0
909.5,0,0,0,0
910.5,0,0,0,0
911.5,0,0,0,0
912.5,0,0,0,0
913.5,0,0,0,0
914.5,0,0,0,0
915.5,0,0,0,0
916.5,0,0,0,0
917.5,0,0,0,0
918.5,0,0,0,0
919.5,0,0,0,0
920.5,0,0,0,0
921.5,0,0,0,0
922.5,0,0,0,0
923.5,0,0,0,0
924.5,0,0,0,0
925.5,0,0,0,0
926.5,0,0,0,0
927.5,0,0,0,0
928.5,0,0,0,0
929.5,0,0,0,0
930.5,0,0,0,0
931.5,0,0,0,0
932.5,0,0,0,0
933.5,0,0,0,0
934.5,0,0,0,0
935.5,0,0,0,0
936.5,0,0,0,0
937.5,0,0,0,0
938.5,0,0,0,0
939.5,0,0,0,0
940.5,0,0,0,0
941.5,0,0,0,0
942.5,0,0,0,0
943.5,0,0,0,0
944.5,0,0,0,0
945.5,0,0,0,0
946.5,0,0,0,0
947.5,0,0,0,0
948.5,0,0,0,0
949.5,0,0,0,0
950.5,0,0,0,0
951.5,0,0,0,0
952.5,0,0,0,0
953.5,0,0,0,0
954.5,0,0,0,0
955.5,0,0,0,0
956.5,0,0,0,0
957.5,0,0,0,0
958.5,0,0,0,0
959.5,0,0,0,0
960.5,0,0,0,0
961.5,0,0,0,0
962.5,0,0,0,0
963.5,0,0,0,0
964.5,0,0,0,0
965.5,0,0,0,0
966.5,0,0,0,0
967.5,0,0,0,0
968.5,0,0,0,0
969.5,0,0,0,0
970.5,0,0,0,0
971.5,0,0,0,0
972.5,0,0,0,0
973.5,0,0,0,0
974.5,0,0,0,0
975.5,0,0,0,0
976.5,0,0,0,0
977.5,0,0,0,0
978.5,0,0,0,0
979.5,0,0,0,0
980.5,0,0,0,0
981.5,0,0,0,0
982.5,0,0,0,0
983.5,0,0,0,0
984.5,0,0,0,0
985.5,0,0,0,0
986.5,0,0,0,0
987.5,0,0,0,0
988.5,0,0,0,0
989.5,0,0,0,0
990.5,0,0,0,0
991.5,0,0,0,0
992.5,0,0,0,0
993.5,0,0,0,0
994.5,0,0,0,0
995.5,0,0,0,0
996.5,0,0,0,0
997.5,0,0,0,0
998.5,0,0,0,0
999.5,0,0,0,0